Nomor,Sub Nomor,Tanggal Nomor,Tahun
32,,2023-01-05,2023
33,,2023-01-05,2023
34,,2023-01-09,2023
35,,2023-01-11,2023
36,,2023-01-12,2023
37,,2023-01-12,2023
38,,2023-01-12,2023
39,,2023-01-12,2023
40,,2023-01-13,2023
41,,2023-01-12,2023
42,,2023-01-12,2023
43,,2023-01-17,2023
44,,2023-01-19,2023
45,,2023-01-30,2023
46,,2023-01-30,2023
47,,2023-01-30,2023
48,,2023-01-30,2023
499,,2023-01-30,2023
500,,2023-01-31,2023
501,,2023-01-31,2023
502,,2023-01-31,2023
503,,2023-01-31,2023
505,,2023-01-31,2023
507,,2023-01-31,2023
508,,2023-01-31,2023
509,,2023-01-31,2023
510,,2023-01-31,2023
511,,2023-01-31,2023
512,,2023-01-31,2023
513,,2023-01-31,2023
514,,2023-01-31,2023
515,,2023-01-31,2023
516,,2023-01-31,2023
517,,2023-01-31,2023
518,,2023-01-31,2023
519,,2023-01-31,2023
520,,2023-01-31,2023
521,,2023-01-31,2023
522,,2023-01-31,2023
523,,2023-01-31,2023
524,,2023-01-31,2023
525,,2023-01-31,2023
526,,2023-01-31,2023
527,,2023-01-31,2023
528,,2023-01-31,2023
529,,2023-01-31,2023
530,,2023-01-31,2023
531,,2023-01-31,2023
532,,2023-01-31,2023
533,,2023-01-31,2023
534,,2023-01-31,2023
535,,2023-01-31,2023
536,,2023-01-31,2023
537,,2023-02-01,2023
538,,2023-02-06,2023
539,,2023-02-06,2023
540,,2023-02-06,2023
541,,2023-02-07,2023
542,,2023-02-07,2023
543,,2023-02-07,2023
544,,2023-02-07,2023
545,,2023-02-07,2023
546,,2023-02-07,2023
547,,2023-02-07,2023
548,,2023-02-09,2023
549,,2023-02-14,2023
550,,2023-02-14,2023
551,,2023-02-14,2023
552,,2023-02-14,2023
553,,2023-02-14,2023
554,,2023-02-14,2023
555,,2023-02-14,2023
556,,2023-02-14,2023
557,,2023-02-14,2023
558,,2023-02-14,2023
559,,2023-02-14,2023
560,,2023-02-14,2023
561,,2023-02-14,2023
562,,2023-02-14,2023
563,,2023-02-14,2023
564,,2023-02-14,2023
565,,2023-02-14,2023
566,,2023-02-14,2023
567,,2023-02-14,2023
568,,2023-02-14,2023
569,,2023-02-14,2023
570,,2023-02-14,2023
571,,2023-02-14,2023
572,,2023-02-14,2023
573,,2023-02-14,2023
574,,2023-02-14,2023
575,,2023-02-14,2023
576,,2023-02-14,2023
577,,2023-02-14,2023
578,,2023-02-14,2023
579,,2023-02-14,2023
580,,2023-02-14,2023
581,,2023-02-14,2023
582,,2023-02-14,2023
583,,2023-02-14,2023
584,,2023-02-14,2023
585,,2023-02-14,2023
586,,2023-02-14,2023
587,,2023-02-14,2023
588,,2023-02-14,2023
589,,2023-02-14,2023
590,,2023-02-14,2023
591,,2023-02-14,2023
592,,2023-02-14,2023
593,,2023-02-14,2023
594,,2023-02-14,2023
595,,2023-02-14,2023
596,,2023-02-14,2023
597,,2023-02-14,2023
598,,2023-02-14,2023
599,,2023-02-14,2023
600,,2023-02-14,2023
601,,2023-02-14,2023
602,,2023-02-14,2023
603,,2023-02-14,2023
604,,2023-02-14,2023
605,,2023-02-14,2023
606,,2023-02-17,2023
607,,2023-02-17,2023
608,,2023-02-14,2023
609,,2023-02-14,2023
610,,2023-02-14,2023
611,,2023-02-14,2023
612,,2023-02-14,2023
613,,2023-02-14,2023
614,,2023-02-17,2023
615,,2023-02-17,2023
616,,2023-02-17,2023
617,,2023-02-17,2023
618,,2023-02-17,2023
619,,2023-02-17,2023
620,,2023-02-17,2023
621,,2023-02-17,2023
622,,2023-02-17,2023
623,,2023-02-17,2023
624,,2023-02-17,2023
625,,2023-02-17,2023
626,,2023-02-17,2023
627,,2023-02-22,2023
628,,2023-02-22,2023
629,,2023-02-22,2023
630,,2023-02-22,2023
631,,2023-02-22,2023
632,,2023-02-22,2023
633,,2023-02-22,2023
634,,2023-02-22,2023
635,,2023-02-22,2023
636,,2023-02-23,2023
637,,2023-02-23,2023
638,,2023-02-23,2023
639,,2023-02-23,2023
640,,2023-02-23,2023
641,,2023-02-23,2023
642,,2023-02-23,2023
643,,2023-02-23,2023
644,,2023-02-23,2023
645,,2023-02-23,2023
646,,2023-02-23,2023
647,,2023-02-23,2023
648,,2023-02-23,2023
649,,2023-02-24,2023
650,,2023-02-24,2023
651,,2023-02-24,2023
652,,2023-02-24,2023
653,,2023-02-24,2023
654,,2023-02-24,2023
655,,2023-02-24,2023
656,,2023-02-24,2023
657,,2023-02-27,2023
658,,2023-02-27,2023
659,,2023-02-27,2023
660,,2023-02-27,2023
661,,2023-02-28,2023
661,1,2023-02-28,2023
662,,2023-03-01,2023
663,,2023-03-01,2023
664,,2023-03-01,2023
665,,2023-03-01,2023
666,,2023-03-02,2023
666,1,2023-03-02,2023
666,2,2023-03-02,2023
667,,2023-03-02,2023
668,,2023-03-02,2023
669,,2023-03-02,2023
670,,2023-03-02,2023
670,1,2023-03-02,2023
671,,2023-03-02,2023
672,,2023-03-02,2023
671,1,2023-03-02,2023
672,1,2023-03-02,2023
673,,2023-03-02,2023
674,,2023-03-02,2023
674,1,2023-03-02,2023
675,,2023-03-02,2023
676,,2023-03-02,2023
677,,2023-03-02,2023
678,,2023-03-02,2023
679,,2023-03-02,2023
680,,2023-03-02,2023
681,,2023-03-02,2023
681,1,2023-03-02,2023
682,,2023-03-02,2023
683,,2023-03-02,2023
684,,2023-03-02,2023
685,,2023-03-02,2023
685,1,2023-03-02,2023
686,,2023-03-02,2023
687,,2023-03-02,2023
688,,2023-03-02,2023
689,,2023-03-02,2023
690,,2023-03-02,2023
691,,2023-03-02,2023
692,,2023-03-02,2023
693,,2023-03-02,2023
694,,2023-03-02,2023
695,,2023-03-02,2023
696,,2023-03-02,2023
697,,2023-03-02,2023
698,,2023-03-02,2023
699,,2023-03-02,2023
700,,2023-03-02,2023
701,,2023-03-02,2023
702,,2023-03-02,2023
703,,2023-03-02,2023
704,,2023-03-02,2023
705,,2023-03-02,2023
706,,2023-03-06,2023
707,,2023-03-06,2023
708,,2023-03-06,2023
709,,2023-03-06,2023
710,,2023-03-06,2023
711,,2023-03-06,2023
712,,2023-03-06,2023
713,,2023-03-06,2023
714,,2023-03-06,2023
715,,2023-03-06,2023
716,,2023-03-06,2023
717,,2023-03-06,2023
718,,2023-03-06,2023
719,,2023-03-06,2023
720,,2023-03-06,2023
721,,2023-03-06,2023
722,,2023-03-06,2023
723,,2023-03-06,2023
724,,2023-03-02,2023
725,,2023-03-07,2023
726,,2023-03-07,2023
726,1,2023-03-07,2023
727,,2023-03-07,2023
728,,2023-03-07,2023
729,,2023-03-07,2023
730,,2023-03-07,2023
731,,2023-03-07,2023
732,,2023-03-08,2023
733,,2023-03-07,2023
733,1,2023-03-07,2023
734,,2023-03-07,2023
735,,2023-03-07,2023
735,1,2023-03-07,2023
736,,2023-03-07,2023
737,,2023-03-07,2023
738,,2023-03-07,2023
739,,2023-03-07,2023
740,,2023-03-07,2023
741,,2023-03-07,2023
742,,2023-03-07,2023
742,1,2023-03-07,2023
743,,2023-03-07,2023
744,,2023-03-07,2023
745,,2023-03-07,2023
746,,2023-03-07,2023
747,,2023-03-07,2023
748,,2023-03-07,2023
749,,2023-03-07,2023
750,,2023-03-07,2023
751,,2023-03-07,2023
752,,2023-03-07,2023
753,,2023-03-07,2023
754,,2023-03-07,2023
755,,2023-03-07,2023
756,,2023-03-07,2023
757,,2023-03-07,2023
758,,2023-03-07,2023
759,,2023-03-07,2023
760,,2023-03-07,2023
761,,2023-03-07,2023
762,,2023-03-07,2023
763,,2023-03-07,2023
764,,2023-03-07,2023
765,,2023-03-07,2023
766,,2023-03-07,2023
767,,2023-03-07,2023
768,,2023-03-07,2023
769,,2023-03-07,2023
770,,2023-03-07,2023
771,,2023-03-07,2023
772,,2023-03-07,2023
773,,2023-03-07,2023
774,,2023-03-07,2023
775,,2023-03-07,2023
776,,2023-03-07,2023
777,,2023-03-07,2023
778,,2023-03-07,2023
779,,2023-03-07,2023
780,,2023-03-07,2023
781,,2023-03-07,2023
782,,2023-03-07,2023
782,1,2023-03-07,2023
782,2,2023-03-07,2023
783,3,2023-03-07,2023
783,,2023-03-07,2023
784,,2023-03-09,2023
785,,2022-10-03,2022
786,,2023-03-14,2023
787,,2023-03-13,2023
788,,2023-03-07,2023
789,,2023-03-13,2023
790,,2023-03-13,2023
791,,2023-03-14,2023
792,,2023-03-14,2023
793,,2023-03-14,2023
794,,2023-03-17,2023
796,,2023-03-17,2023
797,,2023-03-17,2023
798,,2023-03-17,2023
799,,2023-03-16,2023
800,,2023-03-20,2023
801,,2023-03-20,2023
802,,2023-03-15,2023
803,,2023-03-15,2023
804,,2023-03-15,2023
805,,2023-03-09,2023
806,,2023-03-24,2023
807,,2023-03-24,2023
808,,2023-03-20,2023
809,,2023-03-20,2023
810,,2023-03-20,2023
811,,2023-03-20,2023
812,,2023-03-20,2023
813,,2023-03-20,2023
814,,2023-03-20,2023
815,,2023-03-20,2023
816,,2023-03-20,2023
817,,2023-03-20,2023
818,,2023-03-20,2023
819,,2023-03-20,2023
820,,2023-03-20,2023
821,,2023-03-20,2023
822,,2023-03-20,2023
823,,2023-03-20,2023
824,,2023-03-20,2023
825,,2023-03-20,2023
826,,2023-03-20,2023
827,,2023-03-20,2023
828,,2023-03-20,2023
829,,2023-03-20,2023
830,,2023-03-20,2023
831,,2023-03-20,2023
832,,2023-04-03,2023
833,,2023-04-03,2023
834,,2023-04-03,2023
835,,2023-04-03,2023
836,,2023-04-03,2023
837,,2023-04-03,2023
838,,2023-04-06,2023
839,,2023-04-06,2023
840,,2023-04-06,2023
841,,2023-04-06,2023
842,,2023-04-06,2023
843,,2023-04-06,2023
844,,2023-04-06,2023
845,,2023-04-06,2023
846,,2023-04-06,2023
847,,2023-04-06,2023
849,,2023-04-06,2023
850,,2023-04-06,2023
851,,2023-04-06,2023
852,,2023-04-06,2023
853,,2023-04-06,2023
854,,2023-04-06,2023
855,,2023-04-06,2023
856,,2023-04-06,2023
859,,2023-04-06,2023
860,,2023-04-06,2023
861,,2023-04-06,2023
862,,2023-04-06,2023
863,,2023-04-06,2023
864,,2023-04-06,2023
867,,2023-04-06,2023
868,,2023-04-06,2023
869,,2023-04-06,2023
872,,2023-04-06,2023
874,,2023-04-06,2023
876,,2023-04-06,2023
877,1,2023-04-06,2023
878,,2023-04-06,2023
879,,2023-04-06,2023
880,,2023-04-06,2023
881,,2023-04-06,2023
882,,2023-04-06,2023
883,,2023-04-06,2023
884,,2023-04-06,2023
885,,2023-04-06,2023
886,,2023-04-06,2023
887,,2023-04-06,2023
888,,2023-04-06,2023
889,,2023-04-06,2023
890,,2023-04-06,2023
891,,2023-04-06,2023
892,,2023-04-06,2023
893,,2023-04-06,2023
894,,2023-04-06,2023
895,,2023-04-06,2023
896,,2023-04-06,2023
897,,2023-04-06,2023
898,,2023-04-06,2023
899,,2023-04-06,2023
900,,2023-04-06,2023
901,,2023-04-06,2023
902,,2023-04-06,2023
903,,2023-04-06,2023
904,,2023-04-06,2023
905,,2023-04-06,2023
906,,2023-04-06,2023
907,,2023-04-06,2023
908,,2023-04-06,2023
909,,2023-04-06,2023
910,,2023-04-06,2023
911,,2023-04-06,2023
912,,2023-04-06,2023
913,,2023-04-06,2023
914,,2023-04-06,2023
915,,2023-04-06,2023
916,,2023-04-06,2023
917,,2023-04-06,2023
918,,2023-04-06,2023
919,,2023-04-06,2023
920,,2023-04-06,2023
921,,2023-04-06,2023
922,,2023-04-06,2023
923,,2023-04-06,2023
924,,2023-04-06,2023
925,,2023-04-06,2023
926,,2023-04-06,2023
927,,2023-04-06,2023
928,,2023-04-06,2023
929,,2023-04-06,2023
930,,2023-04-06,2023
931,,2023-04-06,2023
932,,2023-04-06,2023
933,,2023-04-06,2023
934,,2023-04-06,2023
935,,2023-04-06,2023
936,,2023-04-06,2023
937,,2023-04-06,2023
938,,2023-04-06,2023
939,,2023-04-06,2023
940,,2023-04-06,2023
941,,2023-04-06,2023
942,,2023-04-06,2023
943,,2023-04-06,2023
944,,2023-04-06,2023
945,,2023-04-06,2023
946,,2023-04-06,2023
947,,2023-04-06,2023
948,,2023-04-06,2023
949,,2023-04-06,2023
950,,2023-04-06,2023
953,,2023-04-06,2023
954,,2023-04-06,2023
955,,2023-04-06,2023
956,,2023-04-06,2023
957,,2023-04-06,2023
958,,2023-04-06,2023
959,,2023-04-06,2023
960,,2023-04-06,2023
961,,2023-04-06,2023
962,,2023-04-06,2023
963,,2023-04-06,2023
964,,2023-04-06,2023
965,,2023-04-06,2023
966,,2023-04-06,2023
967,,2023-04-06,2023
968,,2023-04-06,2023
969,,2023-04-06,2023
970,,2023-04-06,2023
971,,2023-04-06,2023
972,,2023-04-06,2023
973,,2023-04-06,2023
974,,2023-04-06,2023
975,,2023-04-06,2023
976,,2023-04-06,2023
977,,2023-04-06,2023
978,,2023-04-06,2023
979,,2023-04-06,2023
980,,2023-04-06,2023
981,,2023-04-06,2023
982,,2023-04-06,2023
983,,2023-04-06,2023
984,,2023-04-06,2023
985,,2023-04-06,2023
986,,2023-04-06,2023
987,,2023-04-06,2023
988,,2023-04-06,2023
989,,2023-04-06,2023
990,,2023-04-06,2023
991,,2023-04-06,2023
992,,2023-04-06,2023
993,,2023-04-06,2023
994,,2023-04-06,2023
995,,2023-04-06,2023
996,,2023-04-06,2023
997,,2023-04-06,2023
998,,2023-04-06,2023
999,,2023-04-06,2023
1000,,2023-04-06,2023
1001,,2023-04-06,2023
1002,,2023-04-06,2023
1003,,2023-04-06,2023
1004,,2023-04-06,2023
1005,,2023-04-06,2023
1006,,2023-04-06,2023
1007,,2023-04-06,2023
1008,,2023-04-06,2023
1009,,2023-04-06,2023
1010,,2023-04-06,2023
1011,,2023-04-06,2023
1012,,2023-04-06,2023
1013,,2023-04-06,2023
1014,,2023-04-06,2023
1015,,2023-04-06,2023
1016,,2023-04-06,2023
1017,,2023-04-06,2023
1018,,2023-04-06,2023
1019,,2023-04-06,2023
1020,,2023-04-06,2023
1021,,2023-04-06,2023
1022,,2023-04-06,2023
1023,,2023-04-06,2023
1024,,2023-04-06,2023
1025,,2023-04-06,2023
1026,,2023-04-06,2023
1027,,2023-04-06,2023
1028,,2023-04-06,2023
1029,,2023-04-06,2023
1029,1,2023-04-06,2023
1030,,2023-04-06,2023
1031,,2023-04-06,2023
1032,,2023-04-06,2023
1033,,2023-04-06,2023
1034,,2023-04-06,2023
1035,,2023-04-06,2023
1036,,2023-04-06,2023
1037,,2023-04-06,2023
1038,,2023-04-06,2023
1039,,2023-04-06,2023
1040,,2023-04-06,2023
1041,,2023-04-06,2023
1042,,2023-04-06,2023
1043,,2023-04-06,2023
1044,,2023-04-06,2023
1045,,2023-04-06,2023
1046,,2023-04-06,2023
1047,,2023-04-06,2023
1048,,2023-04-06,2023
1049,,2023-04-06,2023
1050,,2023-04-06,2023
1051,,2023-04-06,2023
1052,,2023-04-06,2023
1053,,2023-04-06,2023
1054,,2023-04-06,2023
1057,,2023-04-06,2023
1058,,2023-04-06,2023
1059,,2023-04-06,2023
1060,,2023-04-06,2023
1061,,2023-04-06,2023
1062,,2023-04-06,2023
1063,,2023-04-06,2023
1064,,2023-04-06,2023
1065,,2023-04-06,2023
1066,,2023-04-06,2023
1067,,2023-04-06,2023
1068,,2023-04-06,2023
1069,,2023-04-06,2023
1070,,2023-04-06,2023
1071,,2023-04-06,2023
1072,,2023-04-06,2023
1073,,2023-04-06,2023
1074,,2023-04-06,2023
1075,,2023-04-06,2023
1076,,2023-04-06,2023
1077,,2023-04-06,2023
1078,,2023-04-06,2023
1079,,2023-04-06,2023
1080,,2023-04-06,2023
1081,,2023-04-06,2023
1082,,2023-04-06,2023
1082,1,2023-04-06,2023
1083,,2023-04-06,2023
1084,,2023-04-06,2023
1087,,2023-04-06,2023
1088,,2023-04-06,2023
1089,,2023-04-06,2023
1090,,2023-04-06,2023
1091,,2023-04-06,2023
1092,,2023-04-06,2023
1093,,2023-04-06,2023
1094,,2023-04-06,2023
1095,,2023-04-06,2023
1096,,2023-04-06,2023
1097,,2023-04-06,2023
1098,,2023-04-06,2023
1099,,2023-04-06,2023
1100,,2023-04-06,2023
1101,,2023-04-06,2023
1102,,2023-04-06,2023
1103,,2023-04-06,2023
1104,,2023-04-06,2023
1105,,2023-04-06,2023
1106,,2023-04-06,2023
1107,,2023-04-06,2023
1108,,2023-04-06,2023
1109,,2023-04-06,2023
1110,,2023-04-06,2023
1111,,2023-04-06,2023
1112,,2023-04-06,2023
1113,,2023-04-06,2023
1114,,2023-04-06,2023
1115,,2023-04-06,2023
1127,,2023-04-06,2023
1128,,2023-04-06,2023
1128,1,2023-04-06,2023
1128,2,2023-04-06,2023
1128,3,2023-04-06,2023
1128,4,2023-04-06,2023
1129,,2023-04-06,2023
1090,1,2023-04-06,2023
1130,,2023-04-06,2023
1132,,2023-04-06,2023
1133,,2023-04-06,2023
1134,,2023-04-06,2023
1135,,2023-04-06,2023
1137,,2023-04-06,2023
1138,,2023-04-06,2023
1139,,2023-04-06,2023
1140,,2023-04-06,2023
1141,,2023-04-06,2023
1142,,2023-04-06,2023
1143,,2023-04-06,2023
1144,,2023-04-06,2023
1145,,2023-04-06,2023
1146,,2023-04-06,2023
1147,,2023-04-06,2023
1148,,2023-04-06,2023
1149,,2023-04-06,2023
1150,,2023-04-06,2023
1151,,2023-04-06,2023
1152,,2023-04-06,2023
1153,,2023-04-06,2023
1154,,2023-04-06,2023
1155,,2023-04-06,2023
1156,,2023-04-06,2023
1157,,2023-04-06,2023
1158,,2023-04-06,2023
1159,,2023-04-06,2023
1160,,2023-04-06,2023
1161,,2023-04-06,2023
1162,,2023-04-06,2023
1163,,2023-04-06,2023
1164,,2023-04-06,2023
1165,,2023-04-06,2023
1166,,2023-04-06,2023
1167,,2023-04-06,2023
1168,,2023-04-06,2023
1169,,2023-04-06,2023
1170,,2023-04-06,2023
1171,,2023-04-06,2023
1172,,2023-04-06,2023
1173,,2023-04-06,2023
1174,,2023-04-06,2023
1175,,2023-04-06,2023
1176,,2023-04-06,2023
1177,,2023-04-06,2023
1178,,2023-04-06,2023
1179,,2023-04-06,2023
1180,,2023-04-06,2023
1181,,2023-04-06,2023
1182,,2023-04-06,2023
1183,,2023-04-06,2023
1184,,2023-04-06,2023
1185,,2023-04-06,2023
1186,,2023-04-06,2023
1187,,2023-04-06,2023
1188,,2023-04-06,2023
1189,,2023-04-06,2023
1190,,2023-04-06,2023
1191,,2023-04-06,2023
1192,,2023-04-06,2023
1193,,2023-04-06,2023
1194,,2023-04-06,2023
1195,,2023-04-06,2023
1196,,2023-04-06,2023
1196,1,2023-04-06,2023
1197,,2023-04-06,2023
1197,1,2023-04-06,2023
1198,,2023-04-06,2023
1199,,2023-04-06,2023
1200,,2023-04-06,2023
1201,,2023-04-06,2023
1202,,2023-04-06,2023
1203,,2023-04-06,2023
1204,,2023-04-06,2023
1205,,2023-04-06,2023
1206,,2023-04-06,2023
1207,,2023-04-06,2023
1208,,2023-04-06,2023
1209,,2023-04-06,2023
1210,,2023-04-06,2023
1211,,2023-04-06,2023
1212,,2023-04-06,2023
1213,,2023-04-06,2023
1214,,2023-04-06,2023
1215,,2023-04-06,2023
1216,,2023-04-06,2023
1217,,2023-04-06,2023
1218,,2023-04-06,2023
1219,,2023-04-06,2023
1220,,2023-04-06,2023
1221,,2023-04-06,2023
1222,,2023-04-06,2023
1223,,2023-04-06,2023
1224,,2023-04-06,2023
1225,,2023-04-06,2023
1226,,2023-04-06,2023
1226,1,2023-04-06,2023
1226,2,2023-04-06,2023
1226,3,2023-04-06,2023
1227,,2023-04-06,2023
1228,,2023-04-06,2023
1229,,2023-04-06,2023
1230,,2023-04-06,2023
1231,,2023-04-06,2023
1232,,2023-04-06,2023
1233,,2023-04-06,2023
1234,,2023-04-06,2023
1235,,2023-04-06,2023
1236,,2023-04-06,2023
1237,,2023-04-06,2023
1238,,2023-04-06,2023
1239,,2023-04-06,2023
1240,,2023-04-06,2023
1241,,2023-04-06,2023
1242,,2023-04-06,2023
1243,,2023-04-06,2023
1244,,2023-04-06,2023
1245,,2023-04-06,2023
1246,,2023-04-06,2023
1247,,2023-04-06,2023
1248,,2023-04-06,2023
1249,,2023-04-06,2023
1250,,2023-04-06,2023
1250,1,2023-04-06,2023
1251,,2023-04-06,2023
1252,,2023-04-06,2023
1253,,2023-04-06,2023
1254,,2023-04-06,2023
1255,,2023-04-06,2023
1256,,2023-04-06,2023
1257,,2023-04-06,2023
1258,,2023-04-06,2023
1259,,2023-04-06,2023
1260,,2023-04-06,2023
1261,,2023-04-06,2023
1262,,2023-04-06,2023
1263,,2023-04-06,2023
1264,,2023-04-06,2023
1265,,2023-04-06,2023
1266,,2023-04-06,2023
1267,,2023-04-06,2023
1268,,2023-04-06,2023
1269,,2023-04-06,2023
1270,,2023-04-06,2023
1271,,2023-04-06,2023
1272,,2023-04-06,2023
1273,,2023-04-06,2023
1274,,2023-04-06,2023
1275,,2023-04-06,2023
1276,,2023-04-06,2023
1277,,2023-04-06,2023
1278,,2023-04-06,2023
1279,,2023-04-06,2023
1280,,2023-04-06,2023
1281,,2023-04-06,2023
1282,,2023-04-06,2023
1283,,2023-04-06,2023
1284,,2023-04-06,2023
1285,,2023-04-06,2023
1286,,2023-04-06,2023
1287,,2023-04-06,2023
1288,,2023-04-06,2023
1289,,2023-04-06,2023
1290,,2023-04-06,2023
1291,,2023-04-06,2023
1292,,2023-04-06,2023
1293,,2023-04-06,2023
1294,,2023-04-06,2023
1295,,2023-04-06,2023
1296,,2023-04-06,2023
1297,,2023-04-06,2023
1298,,2023-04-06,2023
1299,,2023-04-06,2023
1300,,2023-04-06,2023
1301,,2023-04-06,2023
1302,,2023-04-06,2023
1303,,2023-04-06,2023
1304,,2023-04-06,2023
1304,1,2023-04-06,2023
1305,,2023-04-06,2023
1306,,2023-04-06,2023
1307,,2023-04-06,2023
1308,,2023-04-06,2023
1309,,2023-04-06,2023
1309,1,2023-04-06,2023
1310,,2023-04-06,2023
1311,,2023-04-06,2023
1312,,2023-04-06,2023
1313,,2023-04-06,2023
1314,,2023-04-06,2023
1315,,2023-04-06,2023
1316,,2023-04-06,2023
1317,,2023-04-06,2023
1318,,2023-04-06,2023
1319,1,2023-04-06,2023
1319,,2023-04-06,2023
1320,,2023-04-06,2023
1321,,2023-04-06,2023
1322,,2023-04-06,2023
1323,,2023-04-06,2023
1324,,2023-04-06,2023
1325,,2023-04-06,2023
1326,,2023-04-06,2023
1327,,2023-04-06,2023
1328,,2023-04-06,2023
1329,,2023-04-06,2023
1330,,2023-04-06,2023
1331,,2023-04-06,2023
1332,,2023-04-06,2023
1333,,2023-04-06,2023
1334,,2023-04-06,2023
1335,,2023-04-06,2023
1336,,2023-04-06,2023
1337,,2023-04-06,2023
1338,,2023-04-06,2023
1339,,2023-04-06,2023
1340,,2023-04-06,2023
1341,,2023-04-06,2023
1342,,2023-04-06,2023
1343,,2023-04-06,2023
1344,,2023-04-06,2023
1345,,2023-04-06,2023
1346,,2023-04-06,2023
1347,,2023-04-06,2023
1348,,2023-04-06,2023
1349,,2023-04-06,2023
1350,,2023-04-06,2023
1351,,2023-04-06,2023
1352,,2023-04-06,2023
1353,,2023-04-06,2023
1354,,2023-04-06,2023
1355,,2023-04-06,2023
1356,,2023-04-06,2023
1357,,2023-04-06,2023
1358,,2023-04-06,2023
1359,,2023-04-06,2023
1360,,2023-04-06,2023
1361,,2023-04-06,2023
1362,,2023-04-06,2023
1363,,2023-04-06,2023
1364,,2023-04-06,2023
1365,,2023-04-06,2023
1366,,2023-04-06,2023
1367,,2023-04-06,2023
1368,,2023-04-06,2023
1369,,2023-04-06,2023
1370,,2023-04-06,2023
1371,,2023-04-06,2023
1372,,2023-04-06,2023
1373,,2023-04-06,2023
1374,,2023-04-06,2023
1375,,2023-04-06,2023
1376,,2023-04-06,2023
1377,,2023-04-06,2023
1378,,2023-04-06,2023
1379,,2023-04-06,2023
1380,,2023-04-06,2023
1381,,2023-04-06,2023
1382,,2023-04-06,2023
1383,,2023-04-06,2023
1384,,2023-04-06,2023
1384,1,2023-04-06,2023
1385,,2023-04-06,2023
1386,,2023-04-06,2023
1387,,2023-04-06,2023
1388,,2023-04-06,2023
1389,,2023-04-06,2023
1390,,2023-04-06,2023
1391,,2023-04-06,2023
1392,,2023-04-06,2023
1393,,2023-04-06,2023
1394,,2023-04-06,2023
1395,,2023-04-06,2023
1396,,2023-04-06,2023
1397,,2023-04-06,2023
1398,,2023-04-06,2023
1399,,2023-04-06,2023
1400,,2023-04-06,2023
1401,,2023-04-06,2023
1402,,2023-04-06,2023
1403,,2023-04-06,2023
1404,,2023-04-06,2023
1405,,2023-04-06,2023
1406,,2023-04-06,2023
1407,,2023-04-06,2023
1408,,2023-04-06,2023
1409,,2023-04-06,2023
1410,,2023-04-06,2023
1411,,2023-04-06,2023
1412,,2023-04-06,2023
1413,,2023-04-06,2023
1414,,2023-04-06,2023
1415,,2023-04-06,2023
1416,,2023-04-06,2023
1417,,2023-04-06,2023
1418,,2023-04-06,2023
1419,,2023-04-06,2023
1420,,2023-04-06,2023
1421,,2023-04-06,2023
1422,,2023-04-06,2023
1423,,2023-04-06,2023
1424,,2023-04-06,2023
1425,,2023-04-06,2023
1426,,2023-04-06,2023
1427,,2023-04-06,2023
1428,,2023-04-06,2023
1429,,2023-04-06,2023
1430,,2023-04-06,2023
1431,,2023-04-06,2023
1432,,2023-04-06,2023
1433,,2023-04-06,2023
1434,,2023-04-06,2023
1435,,2023-04-06,2023
1436,,2023-04-06,2023
1437,,2023-04-06,2023
1438,,2023-04-06,2023
1439,,2023-04-06,2023
1440,,2023-04-06,2023
1441,,2023-04-06,2023
1442,,2023-04-06,2023
1443,,2023-04-06,2023
1444,,2023-04-06,2023
1445,,2023-04-06,2023
1446,,2023-04-06,2023
1447,,2023-04-06,2023
1448,,2023-04-06,2023
1449,,2023-04-06,2023
1450,,2023-04-06,2023
1451,,2023-04-06,2023
1452,,2023-04-06,2023
1453,,2023-04-06,2023
1454,,2023-04-06,2023
1455,,2023-04-06,2023
1456,,2023-04-06,2023
1457,,2023-04-06,2023
1458,,2023-04-06,2023
1459,,2023-04-06,2023
1460,,2023-04-06,2023
1461,,2023-04-06,2023
1462,,2023-04-06,2023
1463,,2023-04-06,2023
1464,,2023-04-06,2023
1465,,2023-04-06,2023
1466,,2023-04-06,2023
1467,,2023-04-06,2023
1468,,2023-04-06,2023
1469,,2023-04-06,2023
1470,,2023-04-06,2023
1471,,2023-04-06,2023
1472,,2023-04-06,2023
1473,,2023-04-06,2023
1474,,2023-04-06,2023
1475,,2023-04-06,2023
1476,,2023-04-06,2023
1477,,2023-04-06,2023
1478,,2023-04-06,2023
1479,,2023-04-06,2023
1480,,2023-04-06,2023
1481,,2023-04-06,2023
1482,,2023-04-06,2023
1483,,2023-04-06,2023
1484,,2023-04-06,2023
1485,,2023-04-06,2023
1486,,2023-04-06,2023
1487,,2023-04-06,2023
1488,,2023-04-06,2023
1489,,2023-04-06,2023
1490,,2023-04-06,2023
1491,,2023-04-06,2023
1492,,2023-04-06,2023
1493,,2023-04-06,2023
1494,,2023-04-06,2023
1495,,2023-04-06,2023
1496,,2023-04-06,2023
1497,,2023-04-06,2023
1498,,2023-04-06,2023
1499,,2023-04-06,2023
1500,,2023-04-06,2023
1501,,2023-04-06,2023
1502,,2023-04-06,2023
1503,,2023-04-06,2023
1504,,2023-04-06,2023
1505,,2023-04-06,2023
1506,,2023-04-06,2023
1507,,2023-04-06,2023
1508,,2023-04-06,2023
1509,,2023-04-06,2023
1510,,2023-04-06,2023
1511,,2023-04-06,2023
1512,,2023-04-06,2023
1513,,2023-04-06,2023
1514,,2023-04-06,2023
1515,,2023-04-06,2023
1516,,2023-04-06,2023
1517,,2023-04-06,2023
1518,,2023-04-06,2023
1519,,2023-04-06,2023
1520,,2023-04-06,2023
1521,,2023-04-06,2023
1522,,2023-04-06,2023
1523,,2023-04-06,2023
1524,,2023-04-06,2023
1525,,2023-04-06,2023
1526,,2023-04-06,2023
1527,,2023-04-06,2023
1528,,2023-04-06,2023
1529,,2023-04-06,2023
1530,,2023-04-06,2023
1531,,2023-04-06,2023
1532,,2023-04-06,2023
1533,,2023-04-06,2023
1534,,2023-04-06,2023
1535,,2023-04-06,2023
1536,,2023-04-06,2023
1537,,2023-04-06,2023
1538,,2023-04-06,2023
1539,,2023-04-06,2023
1540,,2023-04-06,2023
1541,,2023-04-06,2023
1542,,2023-04-06,2023
1543,,2023-04-06,2023
1544,,2023-04-06,2023
1545,,2023-04-06,2023
1546,,2023-04-06,2023
1547,,2023-04-06,2023
1548,,2023-04-06,2023
1549,,2023-04-06,2023
1550,,2023-04-06,2023
1551,,2023-04-06,2023
1552,,2023-04-06,2023
1553,,2023-04-06,2023
1554,,2023-04-06,2023
1555,,2023-04-06,2023
1556,,2023-04-06,2023
1557,,2023-04-06,2023
1558,,2023-04-06,2023
1559,,2023-04-06,2023
1560,,2023-04-06,2023
1561,,2023-04-06,2023
1562,,2023-04-06,2023
1563,,2023-04-06,2023
1564,,2023-04-06,2023
1565,,2023-04-06,2023
1566,,2023-04-06,2023
1567,,2023-04-06,2023
1568,,2023-04-06,2023
1569,,2023-04-06,2023
1570,,2023-04-06,2023
1571,,2023-04-06,2023
1572,,2023-04-06,2023
1573,,2023-04-06,2023
1574,,2023-04-06,2023
1575,,2023-04-06,2023
1576,,2023-04-06,2023
1577,,2023-04-06,2023
1578,,2023-04-06,2023
1579,,2023-04-06,2023
1580,,2023-04-06,2023
1581,,2023-04-06,2023
1582,,2023-04-06,2023
1583,,2023-04-06,2023
1584,,2023-04-06,2023
1585,,2023-04-06,2023
1586,,2023-04-06,2023
1587,,2023-04-06,2023
1588,,2023-04-06,2023
1589,,2023-04-06,2023
1590,,2023-04-06,2023
1591,,2023-04-06,2023
1592,,2023-04-06,2023
1593,,2023-04-06,2023
1594,,2023-04-06,2023
1595,,2023-04-06,2023
1596,,2023-04-06,2023
1597,,2023-04-06,2023
1598,,2023-04-06,2023
1599,,2023-04-06,2023
1600,,2023-04-06,2023
1601,,2023-04-06,2023
1602,,2023-04-06,2023
1603,,2023-04-06,2023
1604,,2023-04-06,2023
1605,,2023-04-06,2023
1606,,2023-04-06,2023
1607,,2023-04-06,2023
1608,,2023-04-06,2023
1609,,2023-04-06,2023
1610,,2023-04-06,2023
1611,,2023-04-06,2023
1612,,2023-04-06,2023
1613,,2023-04-06,2023
1614,,2023-04-06,2023
1615,,2023-04-06,2023
1616,,2023-04-06,2023
1617,,2023-04-06,2023
1618,,2023-04-06,2023
1619,,2023-04-06,2023
1620,,2023-04-06,2023
1621,,2023-04-06,2023
1622,,2023-04-06,2023
1623,,2023-04-06,2023
1624,,2023-04-06,2023
1625,,2023-04-06,2023
1626,,2023-04-06,2023
1627,,2023-04-06,2023
1628,,2023-04-06,2023
1629,,2023-04-06,2023
1630,,2023-04-06,2023
1631,,2023-04-06,2023
1632,,2023-04-06,2023
1633,,2023-04-06,2023
1634,,2023-04-06,2023
1635,,2023-04-06,2023
1636,,2023-04-06,2023
1637,,2023-04-06,2023
1638,,2023-04-06,2023
1639,,2023-04-06,2023
1640,,2023-04-06,2023
1641,,2023-04-06,2023
1642,,2023-04-06,2023
1643,,2023-04-06,2023
1644,,2023-04-06,2023
1645,,2023-04-06,2023
1646,,2023-04-06,2023
1647,,2023-04-06,2023
1648,,2023-04-06,2023
1649,,2023-04-06,2023
1650,,2023-04-06,2023
1651,,2023-04-06,2023
1652,,2023-04-06,2023
1653,,2023-04-06,2023
1654,,2023-04-06,2023
1655,,2023-04-06,2023
1656,,2023-04-06,2023
1657,,2023-04-06,2023
1658,,2023-04-06,2023
1659,,2023-04-06,2023
1660,,2023-04-06,2023
1661,,2023-04-06,2023
1662,,2023-04-06,2023
1663,,2023-04-06,2023
1664,,2023-04-06,2023
1665,,2023-04-06,2023
1666,,2023-04-06,2023
1667,,2023-04-06,2023
1668,,2023-04-06,2023
1669,,2023-04-06,2023
1670,,2023-04-06,2023
1671,,2023-04-06,2023
1672,,2023-04-06,2023
1673,,2023-04-06,2023
1674,,2023-04-06,2023
1675,,2023-04-06,2023
1676,,2023-04-06,2023
1677,,2023-04-06,2023
1678,,2023-04-06,2023
1679,,2023-04-06,2023
1680,,2023-04-06,2023
1681,,2023-04-06,2023
1682,,2023-04-06,2023
1683,,2023-04-06,2023
1684,,2023-04-06,2023
1685,,2023-04-06,2023
1686,,2023-04-06,2023
1687,,2023-04-06,2023
1688,,2023-04-06,2023
1689,,2023-04-06,2023
1690,,2023-04-06,2023
1691,,2023-04-06,2023
1692,,2023-04-06,2023
1693,,2023-04-06,2023
1694,,2023-04-06,2023
1695,,2023-04-06,2023
1696,,2023-04-06,2023
1697,,2023-04-06,2023
1698,,2023-04-06,2023
1699,,2023-04-06,2023
1700,,2023-04-06,2023
1701,,2023-04-06,2023
1702,,2023-04-06,2023
1703,,2023-04-06,2023
1704,,2023-04-06,2023
1705,,2023-04-06,2023
1706,,2023-04-06,2023
1707,,2023-04-06,2023
1708,,2023-04-06,2023
1709,,2023-04-06,2023
1710,,2023-04-06,2023
1711,,2023-04-06,2023
1712,,2023-04-06,2023
1713,,2023-04-06,2023
1714,,2023-04-06,2023
1715,,2023-04-06,2023
1716,,2023-04-06,2023
1717,,2023-04-06,2023
1718,,2023-04-06,2023
1719,,2023-04-06,2023
1720,,2023-04-06,2023
1721,,2023-04-06,2023
1722,,2023-04-06,2023
1723,,2023-04-06,2023
1724,,2023-04-06,2023
1725,,2023-04-06,2023
1726,,2023-04-06,2023
1727,,2023-04-06,2023
1728,,2023-04-06,2023
1729,,2023-04-06,2023
1730,,2023-04-06,2023
1731,,2023-04-06,2023
1732,,2023-04-06,2023
1733,,2023-04-06,2023
1734,,2023-04-06,2023
1735,,2023-04-06,2023
1736,,2023-04-06,2023
1737,,2023-04-06,2023
1738,,2023-04-06,2023
1739,,2023-04-06,2023
1740,,2023-04-06,2023
1741,,2023-04-06,2023
1742,,2023-04-06,2023
1743,,2023-04-06,2023
1744,,2023-04-06,2023
1745,,2023-04-06,2023
1746,,2023-04-06,2023
1747,,2023-04-06,2023
1748,,2023-04-06,2023
1749,,2023-04-06,2023
1750,,2023-04-06,2023
1751,,2023-04-06,2023
1752,,2023-04-06,2023
1753,,2023-04-06,2023
1754,,2023-04-06,2023
1755,,2023-04-06,2023
1756,,2023-04-06,2023
1757,,2023-04-06,2023
1758,,2023-04-06,2023
1759,,2023-04-06,2023
1760,,2023-04-06,2023
1761,,2023-04-06,2023
1762,,2023-04-06,2023
1763,,2023-04-06,2023
1764,,2023-04-06,2023
1765,,2023-04-06,2023
1766,,2023-04-06,2023
1767,,2023-04-06,2023
1768,,2023-04-06,2023
1769,,2023-04-06,2023
1770,,2023-04-06,2023
1771,,2023-04-06,2023
1772,,2023-04-06,2023
1773,,2023-04-06,2023
1774,,2023-04-06,2023
1775,,2023-04-06,2023
1776,,2023-04-06,2023
1777,,2023-04-06,2023
1778,,2023-04-06,2023
1779,,2023-04-06,2023
1780,,2023-04-06,2023
1781,,2023-04-06,2023
1782,,2023-04-06,2023
1783,,2023-04-06,2023
1784,,2023-04-06,2023
1785,,2023-04-06,2023
1786,,2023-04-06,2023
1787,,2023-04-06,2023
1788,,2023-04-06,2023
1789,,2023-04-06,2023
1790,,2023-04-06,2023
1791,,2023-04-06,2023
1792,,2023-04-06,2023
1793,,2023-04-06,2023
1794,,2023-04-06,2023
1795,,2023-04-06,2023
1796,,2023-04-06,2023
1797,,2023-04-06,2023
1798,,2023-04-06,2023
1799,,2023-04-06,2023
1800,,2023-04-06,2023
1801,,2023-04-06,2023
1802,,2023-04-06,2023
1803,,2023-04-06,2023
1804,,2023-04-06,2023
1805,,2023-04-06,2023
1806,,2023-04-06,2023
1807,,2023-04-06,2023
1808,,2023-04-06,2023
1809,,2023-04-06,2023
1810,,2023-04-06,2023
1811,,2023-04-06,2023
1812,,2023-04-06,2023
1813,,2023-04-06,2023
1814,,2023-04-06,2023
1815,,2023-04-06,2023
1816,,2023-04-06,2023
1817,,2023-04-06,2023
1818,,2023-04-06,2023
1819,,2023-04-06,2023
1820,,2023-04-06,2023
1821,,2023-04-06,2023
1822,,2023-04-06,2023
1823,,2023-04-06,2023
1824,,2023-04-06,2023
1825,,2023-04-06,2023
1826,,2023-04-06,2023
1827,,2023-04-06,2023
1828,,2023-04-06,2023
1829,,2023-04-06,2023
1830,,2023-04-06,2023
1831,,2023-04-06,2023
1832,,2023-04-06,2023
1834,,2023-04-06,2023
1835,,2023-04-06,2023
1836,,2023-04-06,2023
1837,,2023-04-06,2023
1838,,2023-04-06,2023
1839,,2023-04-06,2023
1840,,2023-04-06,2023
1841,,2023-04-06,2023
1842,,2023-04-06,2023
1843,,2023-04-06,2023
1844,,2023-04-06,2023
1845,,2023-04-06,2023
1846,,2023-04-06,2023
1847,,2023-04-06,2023
1848,,2023-04-06,2023
32,1,2023-04-06,2023
607,1,2023-04-06,2023
740,1,2023-04-06,2023
828,1,2023-04-06,2023
1028,1,2023-04-06,2023
1054,1,2023-04-06,2023
1078,1,2023-04-06,2023
1152,1,2023-04-06,2023
1655,1,2023-04-06,2023
1781,1,2023-04-06,2023
1920,1,2023-04-06,2023
32,2,2023-04-06,2023
607,2,2023-04-06,2023
740,2,2023-04-06,2023
828,2,2023-04-06,2023
1028,2,2023-04-06,2023
1054,2,2023-04-06,2023
1078,2,2023-04-06,2023
1152,2,2023-04-06,2023
1655,2,2023-04-06,2023
1781,2,2023-04-06,2023
1920,2,2023-04-06,2023
32,3,2023-04-06,2023
607,3,2023-04-06,2023
740,3,2023-04-06,2023
828,3,2023-04-06,2023
1028,3,2023-04-06,2023
1054,3,2023-04-06,2023
1078,3,2023-04-06,2023
1152,3,2023-04-06,2023
1655,3,2023-04-06,2023
1781,3,2023-04-06,2023
1920,3,2023-04-06,2023
32,4,2023-04-06,2023
607,4,2023-04-06,2023
740,4,2023-04-06,2023
828,4,2023-04-06,2023
1028,4,2023-04-06,2023
1054,4,2023-04-06,2023
1078,4,2023-04-06,2023
1152,4,2023-04-06,2023
1655,4,2023-04-06,2023
1781,4,2023-04-06,2023
1920,4,2023-04-06,2023
1920,5,2023-04-06,2023
1849,,2023-04-06,2023
1850,,2023-04-06,2023
1851,,2023-04-06,2023
1852,,2023-04-06,2023
1853,,2023-04-06,2023
1854,,2023-04-06,2023
1847,1,2023-04-06,2023
1839,1,2023-04-06,2023
1758,1,2023-04-06,2023
1758,2,2023-04-06,2023
1758,3,2023-04-06,2023
1634,1,2023-04-06,2023
1650,1,2023-04-06,2023
1654,1,2023-04-06,2023
1743,1,2023-04-06,2023
1743,2,2023-04-06,2023
1743,3,2023-04-06,2023
1855,,2023-04-06,2023
1856,,2023-04-06,2023
1655,6,2023-04-06,2023
1655,7,2023-04-06,2023
1655,8,2023-04-06,2023
1863,,2023-04-06,2023
1865,,2023-04-06,2023
1868,,2023-04-06,2023
1869,,2023-04-06,2023
1870,,2023-04-06,2023
1871,,2023-04-06,2023
1872,,2023-04-06,2023
1873,,2023-04-06,2023
1874,,2023-04-06,2023
1875,,2023-04-06,2023
1876,,2023-04-06,2023
1877,,2023-04-06,2023
1878,,2023-04-06,2023
1879,,2023-04-06,2023
1880,,2023-04-06,2023
1881,,2023-04-06,2023
1882,,2023-04-06,2023
1883,,2023-04-06,2023
1884,,2023-04-06,2023
1885,,2023-04-06,2023
1886,,2023-04-06,2023
1887,,2023-04-06,2023
1889,,2023-04-06,2023
1890,,2023-04-06,2023
1891,,2023-04-06,2023
1892,,2023-04-06,2023
1893,,2023-04-06,2023
1894,,2023-04-06,2023
1895,,2023-04-06,2023
1896,,2023-04-06,2023
1897,,2023-04-06,2023
1898,,2023-04-06,2023
1899,,2023-04-06,2023
1900,,2023-04-06,2023
1901,,2023-04-06,2023
1902,,2023-04-06,2023
1903,,2023-04-06,2023
1904,,2023-04-06,2023
1905,,2023-04-06,2023
1906,,2023-04-06,2023
1908,,2023-04-06,2023
1909,,2023-04-06,2023
1910,,2023-04-06,2023
1911,,2023-04-06,2023
1912,,2023-04-06,2023
1913,,2023-04-06,2023
1914,,2023-04-06,2023
1915,,2023-04-06,2023
1916,,2023-04-06,2023
1917,,2023-04-06,2023
1918,,2023-04-06,2023
1919,,2023-04-06,2023
1920,,2023-04-06,2023
1921,,2023-04-06,2023
1922,,2023-04-06,2023
1923,,2023-04-06,2023
1924,,2023-04-06,2023
1925,,2023-04-06,2023
1926,,2023-04-06,2023
1927,,2023-04-06,2023
1928,,2023-04-06,2023
1929,,2023-04-06,2023
1930,,2023-04-06,2023
1931,,2023-04-06,2023
1932,,2023-04-06,2023
1933,,2023-04-06,2023
1934,,2023-04-06,2023
1935,,2023-04-06,2023
1936,,2023-04-06,2023
1937,,2023-04-06,2023
1938,,2023-04-06,2023
1939,,2023-04-06,2023
1940,,2023-04-06,2023
1941,,2023-04-06,2023
1942,,2023-04-06,2023
1943,,2023-04-06,2023
1944,,2023-04-06,2023
1945,,2023-04-06,2023
1946,,2023-04-06,2023
1947,,2023-04-06,2023
1948,,2023-04-06,2023
1949,,2023-04-06,2023
1950,,2023-04-06,2023
1951,,2023-04-06,2023
1952,,2023-04-06,2023
1953,,2023-04-06,2023
1954,,2023-04-06,2023
1955,,2023-04-06,2023
1956,,2023-04-06,2023
1957,,2023-04-06,2023
1958,,2023-04-06,2023
1959,,2023-04-06,2023
1960,,2023-04-06,2023
1961,,2023-04-06,2023
1962,,2023-04-06,2023
1963,,2023-04-06,2023
1964,,2023-04-06,2023
1965,,2023-04-06,2023
1966,,2023-04-06,2023
1967,,2023-04-06,2023
1968,,2023-04-06,2023
1969,,2023-04-06,2023
1970,,2023-04-06,2023
1971,,2023-04-06,2023
1972,,2023-04-06,2023
1973,,2023-04-06,2023
1974,,2023-04-06,2023
1975,,2023-04-06,2023
1976,,2023-04-06,2023
1977,,2023-04-06,2023
1978,,2023-04-06,2023
1979,,2023-04-06,2023
1,,2024-01-02,2024
2,,2024-01-02,2024
3,,2024-01-02,2024
4,,2024-01-02,2024
5,,2024-01-02,2024
6,,2024-01-02,2024
7,,2024-01-02,2024
8,,2024-01-02,2024
9,,2024-01-03,2024
10,,2024-01-03,2024
11,,2024-01-03,2024
12,,2024-01-03,2024
13,,2024-01-03,2024
14,,2024-01-03,2024
15,,2024-01-08,2024
16,,2024-01-08,2024
17,,2024-01-08,2024
18,,2024-01-08,2024
19,,2024-01-08,2024
20,,2024-01-08,2024
21,,2024-01-08,2024
22,,2024-01-08,2024
23,,2024-01-08,2024
24,,2024-01-08,2024
25,,2024-01-08,2024
26,,2024-01-08,2024
27,,2024-01-10,2024
28,,2024-01-12,2024
29,,2024-01-12,2024
30,,2024-01-12,2024
31,,2024-01-12,2024
32,,2024-01-12,2024
33,,2024-01-10,2024
34,,2024-01-10,2024
35,,2024-01-10,2024
36,,2024-01-10,2024
37,,2024-01-10,2024
38,,2024-01-10,2024
39,,2024-01-10,2024
40,,2024-01-10,2024
41,,2024-01-10,2024
42,,2024-01-10,2024
43,,2024-01-10,2024
44,,2024-01-10,2024
45,,2024-01-11,2024
46,,2024-01-16,2024
47,,2024-01-16,2024
48,,2024-01-16,2024
49,,2024-01-16,2024
50,,2024-01-16,2024
51,,2024-01-16,2024
52,,2024-01-16,2024
53,,2024-01-16,2024
54,,2024-01-19,2024
55,,2024-01-19,2024
56,,2024-01-22,2024
57,,2024-01-22,2024
58,,2024-01-22,2024
59,,2024-01-22,2024
60,,2024-01-22,2024
61,,2024-01-22,2024
62,,2024-01-22,2024
63,,2024-01-22,2024
64,,2024-01-22,2024
65,,2024-01-22,2024
66,,2024-01-22,2024
67,,2024-01-22,2024
68,,2024-01-22,2024
69,,2024-01-22,2024
70,,2024-01-22,2024
71,,2024-01-22,2024
72,,2024-01-22,2024
73,,2024-01-22,2024
74,,2024-01-22,2024
75,,2024-01-22,2024
76,,2024-01-22,2024
77,,2024-01-22,2024
78,,2024-01-22,2024
79,,2024-01-22,2024
80,,2024-01-22,2024
81,,2024-01-22,2024
82,,2024-01-22,2024
83,,2024-01-22,2024
84,,2024-01-22,2024
85,,2024-01-22,2024
86,,2024-01-22,2024
87,,2024-01-22,2024
88,,2024-01-22,2024
89,,2024-01-22,2024
90,,2024-01-22,2024
91,,2024-01-22,2024
92,,2024-01-22,2024
93,,2024-01-22,2024
94,,2024-01-22,2024
95,,2024-01-22,2024
96,,2024-01-22,2024
97,,2024-01-22,2024
98,,2024-01-22,2024
99,,2024-01-22,2024
100,,2024-01-22,2024
101,,2024-01-22,2024
102,,2024-01-22,2024
103,,2024-01-22,2024
104,,2024-01-22,2024
105,,2024-01-22,2024
106,,2024-01-22,2024
107,,2024-01-22,2024
108,,2024-01-22,2024
109,,2024-01-22,2024
110,,2024-01-22,2024
111,,2024-01-22,2024
112,,2024-01-22,2024
113,,2024-01-22,2024
114,,2024-01-22,2024
115,,2024-01-22,2024
116,,2024-01-22,2024
117,,2024-01-22,2024
118,,2024-01-22,2024
119,,2024-01-22,2024
120,,2024-01-22,2024
121,,2024-01-22,2024
122,,2024-01-22,2024
123,,2024-01-22,2024
124,,2024-01-22,2024
125,,2024-01-22,2024
126,,2024-01-22,2024
127,,2024-01-22,2024
128,,2024-01-22,2024
129,,2024-01-22,2024
130,,2024-01-22,2024
131,,2024-01-22,2024
132,,2024-01-22,2024
133,,2024-01-22,2024
134,,2024-01-22,2024
135,,2024-01-22,2024
136,,2024-01-22,2024
137,,2024-01-22,2024
138,,2024-01-22,2024
139,,2024-01-22,2024
140,,2024-01-22,2024
141,,2024-01-22,2024
142,,2024-01-22,2024
143,,2024-01-22,2024
144,,2024-01-22,2024
145,,2024-01-22,2024
146,,2024-01-22,2024
147,,2024-01-22,2024
148,,2024-01-22,2024
149,,2024-01-22,2024
150,,2024-01-22,2024
151,,2024-01-22,2024
152,,2024-01-22,2024
153,,2024-01-22,2024
154,,2024-01-22,2024
155,,2024-01-22,2024
156,,2024-01-22,2024
157,,2024-01-22,2024
158,,2024-01-22,2024
159,,2024-01-22,2024
160,,2024-01-22,2024
161,,2024-01-22,2024
162,,2024-01-22,2024
163,,2024-01-22,2024
164,,2024-01-22,2024
165,,2024-01-22,2024
166,,2024-01-22,2024
167,,2024-01-22,2024
168,,2024-01-22,2024
169,,2024-01-22,2024
170,,2024-01-22,2024
171,,2024-01-22,2024
172,,2024-01-22,2024
173,,2024-01-22,2024
174,,2024-01-22,2024
175,,2024-01-22,2024
176,,2024-01-22,2024
177,,2024-01-22,2024
178,,2024-01-22,2024
179,,2024-01-22,2024
180,,2024-01-22,2024
181,,2024-01-22,2024
182,,2024-01-22,2024
183,,2024-01-22,2024
184,,2024-01-22,2024
185,,2024-01-22,2024
186,,2024-01-22,2024
187,,2024-01-22,2024
188,,2024-01-22,2024
190,,2024-01-22,2024
191,,2024-01-22,2024
192,,2024-01-22,2024
193,,2024-01-22,2024
194,,2024-01-22,2024
195,,2024-01-22,2024
196,,2024-01-22,2024
197,,2024-01-22,2024
198,,2024-01-22,2024
199,,2024-01-22,2024
200,,2024-01-31,2024
201,,2024-01-31,2024
202,,2024-01-31,2024
203,,2024-01-31,2024
204,,2024-01-31,2024
205,,2024-01-31,2024
206,,2024-01-31,2024
207,,2024-01-31,2024
208,,2024-01-31,2024
209,,2024-01-31,2024
210,,2024-01-31,2024
211,,2024-01-01,2024
212,,2024-01-01,2024
213,,2024-02-05,2024
214,,2024-02-05,2024
215,,2024-02-05,2024
216,,2024-02-05,2024
217,,2024-02-05,2024
218,,2024-02-05,2024
219,,2024-02-05,2024
220,,2024-02-05,2024
221,,2024-02-12,2024
222,,2024-02-06,2024
223,,2024-02-12,2024
224,,2024-02-12,2024
225,,2024-02-12,2024
226,,2024-02-12,2024
227,,2024-02-19,2024
228,,2024-02-19,2024
229,,2024-02-19,2024
230,,2024-02-19,2024
231,,2024-02-19,2024
232,,2024-02-19,2024
233,,2024-02-15,2024
234,,2024-02-15,2024
235,,2024-02-15,2024
236,,2024-02-15,2024
237,,2024-02-15,2024
238,,2024-02-15,2024
239,,2024-02-15,2024
240,,2024-02-15,2024
241,,2024-02-15,2024
242,,2024-02-15,2024
243,,2024-02-15,2024
244,,2024-02-15,2024
245,,2024-02-15,2024
246,,2024-02-13,2024
247,,2024-02-13,2024
248,,2024-02-13,2024
249,,2024-02-13,2024
250,,2024-02-20,2024
251,,2024-02-20,2024
252,,2024-02-20,2024
253,,2024-02-20,2024
254,,2024-02-20,2024
255,,2024-02-20,2024
256,,2024-02-20,2024
257,,2024-02-20,2024
258,,2024-02-20,2024
259,,2024-02-20,2024
260,,2024-02-20,2024
261,,2024-02-20,2024
262,,2024-02-20,2024
263,,2024-02-20,2024
264,,2024-02-20,2024
265,,2024-02-20,2024
266,,2024-02-20,2024
267,,2024-02-20,2024
268,,2024-02-20,2024
269,,2024-02-20,2024
270,,2024-02-22,2024
271,,2024-02-22,2024
272,,2024-02-22,2024
273,,2024-02-26,2024
274,,2024-02-27,2024
275,,2024-02-27,2024
276,,2024-02-27,2024
277,,2024-02-27,2024
278,,2024-02-27,2024
279,,2024-02-27,2024
280,,2024-02-27,2024
281,,2024-02-27,2024
282,,2024-02-27,2024
283,,2024-01-28,2024
284,,2024-01-28,2024
285,,2024-01-28,2024
286,,2024-01-28,2024
287,,2024-01-28,2024
289,,2024-02-29,2024
290,,2024-02-29,2024
291,,2024-02-29,2024
292,,2024-02-29,2024
293,,2024-02-29,2024
294,,2024-02-29,2024
295,,2024-02-29,2024
296,,2024-02-29,2024
297,,2024-02-29,2024
298,,2024-02-29,2024
299,,2024-02-29,2024
300,,2024-02-29,2024
310,,2024-03-05,2024
311,,2024-03-07,2024
312,,2024-03-07,2024
313,,2024-03-07,2024
314,,2024-03-07,2024
315,,2024-03-07,2024
316,,2024-03-07,2024
317,,2024-03-07,2024
318,,2024-03-07,2024
319,,2024-03-07,2024
320,,2024-03-07,2024
321,,2024-03-14,2024
322,,2024-03-14,2024
323,,2024-03-14,2024
324,,2024-03-14,2024
325,,2024-03-14,2024
326,,2024-03-14,2024
327,,2024-03-14,2024
328,,2024-03-14,2024
329,,2024-03-14,2024
330,,2024-03-14,2024
331,,2024-03-14,2024
332,,2024-03-14,2024
334,,2024-03-14,2024
335,,2024-03-14,2024
336,,2024-03-14,2024
337,,2024-03-14,2024
338,,2024-03-14,2024
339,,2024-03-14,2024
340,,2024-03-14,2024
341,,2024-03-14,2024
342,,2024-03-14,2024
343,,2024-03-14,2024
344,,2024-03-14,2024
345,,2024-03-14,2024
346,,2024-03-14,2024
347,,2024-03-14,2024
348,,2024-03-14,2024
349,,2024-03-14,2024
350,,2024-03-14,2024
351,,2024-03-14,2024
352,,2024-03-14,2024
353,,2024-03-14,2024
354,,2024-03-14,2024
355,,2024-03-14,2024
356,,2024-03-14,2024
357,,2024-03-14,2024
358,,2024-03-14,2024
359,,2024-03-14,2024
360,,2024-03-14,2024
361,,2024-03-14,2024
362,,2024-03-14,2024
363,,2024-03-14,2024
364,,2024-03-14,2024
365,,2024-03-14,2024
366,,2024-03-14,2024
367,,2024-03-14,2024
368,,2024-03-14,2024
369,,2024-03-14,2024
370,,2024-03-14,2024
371,,2024-03-14,2024
372,,2024-03-14,2024
373,,2024-03-14,2024
374,,2024-03-14,2024
375,,2024-03-14,2024
376,,2024-03-14,2024
377,,2024-03-14,2024
378,,2024-03-14,2024
379,,2024-03-14,2024
380,,2024-03-14,2024
381,,2024-03-14,2024
382,,2024-03-14,2024
383,,2024-03-14,2024
384,,2024-03-14,2024
385,,2024-03-14,2024
386,,2024-03-14,2024
387,,2024-03-14,2024
388,,2024-03-14,2024
389,,2024-03-14,2024
390,,2024-03-14,2024
391,,2024-03-14,2024
392,,2024-03-14,2024
393,,2024-03-14,2024
394,,2024-03-14,2024
395,,2024-03-14,2024
396,,2024-03-14,2024
397,,2024-03-14,2024
398,,2024-03-14,2024
399,,2024-03-14,2024
400,,2024-03-14,2024
401,,2024-03-14,2024
402,,2024-03-14,2024
403,,2024-03-14,2024
404,,2024-03-14,2024
405,,2024-03-14,2024
406,,2024-03-14,2024
407,,2024-03-14,2024
408,,2024-03-14,2024
409,,2024-03-14,2024
410,,2024-03-14,2024
411,,2024-03-14,2024
412,,2024-03-14,2024
413,,2024-03-14,2024
414,,2024-03-14,2024
415,,2024-03-14,2024
416,,2024-03-14,2024
417,,2024-03-14,2024
418,,2024-03-14,2024
419,,2024-03-14,2024
420,,2024-03-14,2024
421,,2024-03-14,2024
422,,2024-03-14,2024
423,,2024-03-14,2024
424,,2024-03-14,2024
425,,2024-03-14,2024
426,,2024-03-14,2024
427,,2024-03-14,2024
428,,2024-03-14,2024
429,,2024-03-14,2024
430,,2024-03-14,2024
432,,2024-03-14,2024
433,,2024-03-14,2024
434,,2024-03-14,2024
435,,2024-03-14,2024
436,,2024-03-14,2024
437,,2024-03-14,2024
438,,2024-03-14,2024
439,,2024-03-14,2024
440,,2024-03-14,2024
441,,2024-03-14,2024
442,,2024-03-14,2024
443,,2024-03-14,2024
444,,2024-03-14,2024
445,,2024-03-14,2024
446,,2024-03-14,2024
447,,2024-03-14,2024
448,,2024-03-14,2024
449,,2024-03-14,2024
450,,2024-03-14,2024
451,,2024-03-14,2024
452,,2024-03-14,2024
453,,2024-03-14,2024
454,,2024-03-14,2024
455,,2024-03-14,2024
456,,2024-03-14,2024
457,,2024-03-14,2024
458,,2024-03-14,2024
459,,2024-03-14,2024
460,,2024-03-14,2024
461,,2024-03-14,2024
462,,2024-03-14,2024
463,,2024-03-14,2024
464,,2024-03-14,2024
465,,2024-03-14,2024
466,,2024-03-14,2024
467,,2024-03-14,2024
468,,2024-03-14,2024
469,,2024-03-14,2024
470,,2024-03-14,2024
471,,2024-03-14,2024
472,,2024-03-14,2024
473,,2024-03-14,2024
474,,2024-03-14,2024
475,,2024-03-14,2024
476,,2024-03-14,2024
477,,2024-03-14,2024
478,,2024-03-14,2024
479,,2024-03-14,2024
480,,2024-03-14,2024
481,,2024-03-14,2024
482,,2024-03-14,2024
483,,2024-03-14,2024
484,,2024-03-14,2024
485,,2024-03-14,2024
486,,2024-03-14,2024
487,,2024-03-14,2024
488,,2024-03-14,2024
489,,2024-03-14,2024
490,,2024-03-14,2024
494,,2024-03-14,2024
495,,2024-03-14,2024
496,,2024-03-14,2024
497,,2024-03-14,2024
498,,2024-03-14,2024
499,,2024-03-14,2024
500,,2024-03-14,2024
507,,2024-03-14,2024
508,,2024-03-14,2024
509,,2024-03-14,2024
510,,2024-03-14,2024
516,,2024-03-14,2024
517,,2024-03-14,2024
518,,2024-03-14,2024
519,,2024-03-14,2024
520,,2024-03-14,2024
526,,2024-03-14,2024
528,,2024-03-14,2024
529,,2024-03-14,2024
530,,2024-03-14,2024
531,,2024-03-14,2024
532,,2024-03-14,2024
533,,2024-03-14,2024
534,,2024-03-14,2024
535,,2024-03-14,2024
537,,2024-03-14,2024
538,,2024-03-14,2024
539,,2024-03-14,2024
540,,2024-03-14,2024
541,,2024-03-14,2024
542,,2024-03-14,2024
543,,2024-03-14,2024
544,,2024-03-14,2024
545,,2024-03-14,2024
546,,2024-03-14,2024
547,,2024-03-14,2024
548,,2024-03-14,2024
549,,2024-03-14,2024
550,,2024-03-14,2024
551,,2024-03-14,2024
552,,2024-06-01,2024
553,,2024-06-01,2024
554,,2024-06-01,2024
555,,2024-06-01,2024
556,,2024-06-01,2024
557,,2024-06-01,2024
558,,2024-06-01,2024
559,,2024-06-01,2024
560,,2024-06-01,2024
561,,2024-06-01,2024
562,,2024-06-01,2024
563,,2024-06-01,2024
564,,2024-06-01,2024
565,,2024-06-01,2024
566,,2024-06-01,2024
567,,2024-06-01,2024
568,,2024-06-01,2024
